file_id,source_path,sample_rate,duration_s,n_samples
indianmale (1),indianmale (1).wav,16000,3.0,48000
indianmale (10),indianmale (10).wav,16000,3.0,48000
indianmale (100),indianmale (100).wav,16000,3.0,48000
indianmale (101),indianmale (101).wav,16000,3.0,48000
indianmale (102),indianmale (102).wav,16000,3.0,48000
indianmale (103),indianmale (103).wav,16000,3.0,48000
indianmale (104),indianmale (104).wav,16000,3.0,48000
indianmale (105),indianmale (105).wav,16000,3.0,48000
indianmale (106),indianmale (106).wav,16000,3.0,48000
indianmale (107),indianmale (107).wav,16000,3.0,48000
indianmale (108),indianmale (108).wav,16000,3.0,48000
indianmale (109),indianmale (109).wav,16000,3.0,48000
indianmale (11),indianmale (11).wav,16000,3.0,48000
indianmale (110),indianmale (110).wav,16000,3.0,48000
indianmale (111),indianmale (111).wav,16000,3.0,48000
indianmale (112),indianmale (112).wav,16000,3.0,48000
indianmale (113),indianmale (113).wav,16000,3.0,48000
indianmale (115),indianmale (115).wav,16000,3.0,48000
indianmale (116),indianmale (116).wav,16000,3.0,48000
indianmale (117),indianmale (117).wav,16000,3.0,48000
indianmale (118),indianmale (118).wav,16000,3.0,48000
indianmale (119),indianmale (119).wav,16000,3.0,48000
indianmale (12),indianmale (12).wav,16000,3.0,48000
indianmale (120),indianmale (120).wav,16000,3.0,48000
indianmale (121),indianmale (121).wav,16000,3.0,48000
indianmale (122),indianmale (122).wav,16000,3.0,48000
indianmale (123),indianmale (123).wav,16000,3.0,48000
indianmale (124),indianmale (124).wav,16000,3.0,48000
indianmale (125),indianmale (125).wav,16000,3.0,48000
indianmale (126),indianmale (126).wav,16000,3.0,48000
indianmale (127),indianmale (127).wav,16000,3.0,48000
indianmale (128),indianmale (128).wav,16000,3.0,48000
indianmale (129),indianmale (129).wav,16000,3.0,48000
indianmale (13),indianmale (13).wav,16000,3.0,48000
indianmale (130),indianmale (130).wav,16000,3.0,48000
indianmale (131),indianmale (131).wav,16000,3.0,48000
indianmale (132),indianmale (132).wav,16000,3.0,48000
indianmale (133),indianmale (133).wav,16000,3.0,48000
indianmale (134),indianmale (134).wav,16000,3.0,48000
indianmale (135),indianmale (135).wav,16000,3.0,48000
indianmale (136),indianmale (136).wav,16000,3.0,48000
indianmale (137),indianmale (137).wav,16000,3.0,48000
indianmale (138),indianmale (138).wav,16000,3.0,48000
indianmale (139),indianmale (139).wav,16000,3.0,48000
indianmale (14),indianmale (14).wav,16000,3.0,48000
indianmale (140),indianmale (140).wav,16000,3.0,48000
indianmale (141),indianmale (141).wav,16000,3.0,48000
indianmale (142),indianmale (142).wav,16000,3.0,48000
indianmale (144),indianmale (144).wav,16000,3.0,48000
indianmale (145),indianmale (145).wav,16000,3.0,48000
indianmale (147),indianmale (147).wav,16000,3.0,48000
indianmale (148),indianmale (148).wav,16000,3.0,48000
indianmale (149),indianmale (149).wav,16000,3.0,48000
indianmale (15),indianmale (15).wav,16000,3.0,48000
indianmale (150),indianmale (150).wav,16000,3.0,48000
indianmale (151),indianmale (151).wav,16000,3.0,48000
indianmale (152),indianmale (152).wav,16000,3.0,48000
indianmale (153),indianmale (153).wav,16000,3.0,48000
indianmale (154),indianmale (154).wav,16000,3.0,48000
indianmale (155),indianmale (155).wav,16000,3.0,48000
indianmale (156),indianmale (156).wav,16000,3.0,48000
indianmale (157),indianmale (157).wav,16000,3.0,48000
indianmale (158),indianmale (158).wav,16000,3.0,48000
indianmale (159),indianmale (159).wav,16000,3.0,48000
indianmale (16),indianmale (16).wav,16000,3.0,48000
indianmale (160),indianmale (160).wav,16000,3.0,48000
indianmale (161),indianmale (161).wav,16000,3.0,48000
indianmale (162),indianmale (162).wav,16000,3.0,48000
indianmale (163),indianmale (163).wav,16000,3.0,48000
indianmale (164),indianmale (164).wav,16000,3.0,48000
indianmale (165),indianmale (165).wav,16000,3.0,48000
indianmale (166),indianmale (166).wav,16000,3.0,48000
indianmale (167),indianmale (167).wav,16000,3.0,48000
indianmale (168),indianmale (168).wav,16000,3.0,48000
indianmale (169),indianmale (169).wav,16000,3.0,48000
indianmale (17),indianmale (17).wav,16000,3.0,48000
indianmale (170),indianmale (170).wav,16000,3.0,48000
indianmale (171),indianmale (171).wav,16000,3.0,48000
indianmale (18),indianmale (18).wav,16000,3.0,48000
indianmale (19),indianmale (19).wav,16000,3.0,48000
indianmale (2),indianmale (2).wav,16000,3.0,48000
indianmale (20),indianmale (20).wav,16000,3.0,48000
indianmale (21),indianmale (21).wav,16000,3.0,48000
indianmale (22),indianmale (22).wav,16000,3.0,48000
indianmale (23),indianmale (23).wav,16000,3.0,48000
indianmale (24),indianmale (24).wav,16000,3.0,48000
indianmale (25),indianmale (25).wav,16000,3.0,48000
indianmale (26),indianmale (26).wav,16000,3.0,48000
indianmale (27),indianmale (27).wav,16000,3.0,48000
indianmale (29),indianmale (29).wav,16000,3.0,48000
indianmale (3),indianmale (3).wav,16000,3.0,48000
indianmale (30),indianmale (30).wav,16000,3.0,48000
indianmale (31),indianmale (31).wav,16000,3.0,48000
indianmale (32),indianmale (32).wav,16000,3.0,48000
indianmale (33),indianmale (33).wav,16000,3.0,48000
indianmale (34),indianmale (34).wav,16000,3.0,48000
indianmale (35),indianmale (35).wav,16000,3.0,48000
indianmale (36),indianmale (36).wav,16000,3.0,48000
indianmale (37),indianmale (37).wav,16000,3.0,48000
indianmale (38),indianmale (38).wav,16000,3.0,48000
indianmale (39),indianmale (39).wav,16000,3.0,48000
indianmale (4),indianmale (4).wav,16000,3.0,48000
indianmale (40),indianmale (40).wav,16000,3.0,48000
indianmale (41),indianmale (41).wav,16000,3.0,48000
indianmale (42),indianmale (42).wav,16000,3.0,48000
indianmale (43),indianmale (43).wav,16000,3.0,48000
indianmale (44),indianmale (44).wav,16000,3.0,48000
indianmale (45),indianmale (45).wav,16000,3.0,48000
indianmale (46),indianmale (46).wav,16000,3.0,48000
indianmale (47),indianmale (47).wav,16000,3.0,48000
indianmale (48),indianmale (48).wav,16000,3.0,48000
indianmale (49),indianmale (49).wav,16000,3.0,48000
indianmale (5),indianmale (5).wav,16000,3.0,48000
indianmale (50),indianmale (50).wav,16000,3.0,48000
indianmale (51),indianmale (51).wav,16000,3.0,48000
indianmale (52),indianmale (52).wav,16000,3.0,48000
indianmale (53),indianmale (53).wav,16000,3.0,48000
indianmale (54),indianmale (54).wav,16000,3.0,48000
indianmale (55),indianmale (55).wav,16000,3.0,48000
indianmale (56),indianmale (56).wav,16000,3.0,48000
indianmale (57),indianmale (57).wav,16000,3.0,48000
indianmale (58),indianmale (58).wav,16000,3.0,48000
indianmale (59),indianmale (59).wav,16000,3.0,48000
indianmale (6),indianmale (6).wav,16000,3.0,48000
indianmale (60),indianmale (60).wav,16000,3.0,48000
indianmale (62),indianmale (62).wav,16000,3.0,48000
indianmale (63),indianmale (63).wav,16000,3.0,48000
indianmale (64),indianmale (64).wav,16000,3.0,48000
indianmale (65),indianmale (65).wav,16000,3.0,48000
indianmale (66),indianmale (66).wav,16000,3.0,48000
indianmale (67),indianmale (67).wav,16000,3.0,48000
indianmale (68),indianmale (68).wav,16000,3.0,48000
indianmale (69),indianmale (69).wav,16000,3.0,48000
indianmale (7),indianmale (7).wav,16000,3.0,48000
indianmale (70),indianmale (70).wav,16000,3.0,48000
indianmale (71),indianmale (71).wav,16000,3.0,48000
indianmale (72),indianmale (72).wav,16000,3.0,48000
indianmale (73),indianmale (73).wav,16000,3.0,48000
indianmale (74),indianmale (74).wav,16000,3.0,48000
indianmale (75),indianmale (75).wav,16000,3.0,48000
indianmale (76),indianmale (76).wav,16000,3.0,48000
indianmale (77),indianmale (77).wav,16000,3.0,48000
indianmale (78),indianmale (78).wav,16000,3.0,48000
indianmale (79),indianmale (79).wav,16000,3.0,48000
indianmale (8),indianmale (8).wav,16000,3.0,48000
indianmale (80),indianmale (80).wav,16000,3.0,48000
indianmale (81),indianmale (81).wav,16000,3.0,48000
indianmale (82),indianmale (82).wav,16000,3.0,48000
indianmale (83),indianmale (83).wav,16000,3.0,48000
indianmale (84),indianmale (84).wav,16000,3.0,48000
indianmale (85),indianmale (85).wav,16000,3.0,48000
indianmale (86),indianmale (86).wav,16000,3.0,48000
indianmale (87),indianmale (87).wav,16000,3.0,48000
indianmale (88),indianmale (88).wav,16000,3.0,48000
indianmale (89),indianmale (89).wav,16000,3.0,48000
indianmale (9),indianmale (9).wav,16000,3.0,48000
indianmale (90),indianmale (90).wav,16000,3.0,48000
indianmale (91),indianmale (91).wav,16000,3.0,48000
indianmale (92),indianmale (92).wav,16000,3.0,48000
indianmale (93),indianmale (93).wav,16000,3.0,48000
indianmale (94),indianmale (94).wav,16000,3.0,48000
indianmale (95),indianmale (95).wav,16000,3.0,48000
indianmale (96),indianmale (96).wav,16000,3.0,48000
indianmale (97),indianmale (97).wav,16000,3.0,48000
indianmale (98),indianmale (98).wav,16000,3.0,48000
indianmale (99),indianmale (99).wav,16000,3.0,48000
onemale (10),onemale (10).wav,16000,3.0,48000
onemale (11),onemale (11).wav,16000,3.0,48000
onemale (13),onemale (13).wav,16000,3.0,48000
onemale (14),onemale (14).wav,16000,3.0,48000
onemale (18),onemale (18).wav,16000,3.0,48000
onemale (19),onemale (19).wav,16000,3.0,48000
onemale (20),onemale (20).wav,16000,3.0,48000
onemale (21),onemale (21).wav,16000,3.0,48000
onemale (24),onemale (24).wav,16000,3.0,48000
onemale (27),onemale (27).wav,16000,3.0,48000
onemale (29),onemale (29).wav,16000,3.0,48000
onemale (3),onemale (3).wav,16000,3.0,48000
onemale (32),onemale (32).wav,16000,3.0,48000
onemale (4),onemale (4).wav,16000,3.0,48000
onemale (42),onemale (42).wav,16000,3.0,48000
onemale (43),onemale (43).wav,16000,3.0,48000
onemale (49),onemale (49).wav,16000,3.0,48000
onemale (50),onemale (50).wav,16000,3.0,48000
onemale (51),onemale (51).wav,16000,3.0,48000
onemale (52),onemale (52).wav,16000,3.0,48000
onemale (53),onemale (53).wav,16000,3.0,48000
onemale (54),onemale (54).wav,16000,3.0,48000
onemale (60),onemale (60).wav,16000,3.0,48000
onemale (7),onemale (7).wav,16000,3.0,48000
onemale (8),onemale (8).wav,16000,3.0,48000
onemale (9),onemale (9).wav,16000,3.0,48000
recording2020_01_28_11_01_24,recording2020_01_28_11_01_24.wav,16000,3.0,48000
recording2020_01_28_11_01_37,recording2020_01_28_11_01_37.wav,16000,3.0,48000
recording2020_01_28_11_02_23,recording2020_01_28_11_02_23.wav,16000,3.0,48000
recording2020_01_28_11_02_37,recording2020_01_28_11_02_37.wav,16000,3.0,48000
recording2020_01_28_11_02_55,recording2020_01_28_11_02_55.wav,16000,3.0,48000
recording2020_01_28_11_03_04,recording2020_01_28_11_03_04.wav,16000,3.0,48000
recording2020_01_28_11_03_33,recording2020_01_28_11_03_33.wav,16000,3.0,48000
recording2020_01_28_11_03_56,recording2020_01_28_11_03_56.wav,16000,3.0,48000
recording2020_01_28_11_04_10,recording2020_01_28_11_04_10.wav,16000,3.0,48000
recording2020_01_28_11_04_17,recording2020_01_28_11_04_17.wav,16000,3.0,48000
recording2020_01_28_11_08_44,recording2020_01_28_11_08_44.wav,16000,3.0,48000
recording2020_01_28_11_08_57,recording2020_01_28_11_08_57.wav,16000,3.0,48000
recording2020_01_28_11_10_20,recording2020_01_28_11_10_20.wav,16000,3.0,48000
recording2020_01_28_11_10_28,recording2020_01_28_11_10_28.wav,16000,3.0,48000
recording2020_01_28_11_10_40,recording2020_01_28_11_10_40.wav,16000,3.0,48000
recording2020_01_28_11_10_49,recording2020_01_28_11_10_49.wav,16000,3.0,48000
recording2020_01_28_11_11_15,recording2020_01_28_11_11_15.wav,16000,3.0,48000
recording2020_01_28_11_11_22,recording2020_01_28_11_11_22.wav,16000,3.0,48000
recording2020_01_28_11_12_06,recording2020_01_28_11_12_06.wav,16000,3.0,48000
recording2020_01_28_11_12_14,recording2020_01_28_11_12_14.wav,16000,3.0,48000
recording2020_01_28_11_12_55,recording2020_01_28_11_12_55.wav,16000,3.0,48000
recording2020_01_28_11_13_04,recording2020_01_28_11_13_04.wav,16000,3.0,48000
recording2020_01_28_11_13_14,recording2020_01_28_11_13_14.wav,16000,3.0,48000
recording2020_01_28_11_13_41,recording2020_01_28_11_13_41.wav,16000,3.0,48000
recording2020_01_28_11_13_58,recording2020_01_28_11_13_58.wav,16000,3.0,48000
recording2020_01_28_11_14_13,recording2020_01_28_11_14_13.wav,16000,3.0,48000
recording2020_01_28_11_14_22,recording2020_01_28_11_14_22.wav,16000,3.0,48000
recording2020_01_28_11_14_33,recording2020_01_28_11_14_33.wav,16000,3.0,48000
recording2020_01_28_11_14_44,recording2020_01_28_11_14_44.wav,16000,3.0,48000
recording2020_01_28_11_15_29,recording2020_01_28_11_15_29.wav,16000,3.0,48000
recording2020_01_28_11_15_37,recording2020_01_28_11_15_37.wav,16000,3.0,48000
recording2020_01_28_11_16_28,recording2020_01_28_11_16_28.wav,16000,3.0,48000
recording2020_01_28_11_16_36,recording2020_01_28_11_16_36.wav,16000,3.0,48000
recording2020_01_28_11_16_56,recording2020_01_28_11_16_56.wav,16000,3.0,48000
recording2020_01_28_11_17_01,recording2020_01_28_11_17_01.wav,16000,3.0,48000
recording2020_01_28_11_17_09,recording2020_01_28_11_17_09.wav,16000,3.0,48000
recording2020_01_28_11_17_16,recording2020_01_28_11_17_16.wav,16000,3.0,48000
recording2020_01_28_11_17_29,recording2020_01_28_11_17_29.wav,16000,3.0,48000
recording2020_01_28_11_17_52,recording2020_01_28_11_17_52.wav,16000,3.0,48000
recording2020_01_28_11_18_07,recording2020_01_28_11_18_07.wav,16000,3.0,48000
recording2020_01_28_11_18_15,recording2020_01_28_11_18_15.wav,16000,3.0,48000
recording2020_01_28_11_20_19,recording2020_01_28_11_20_19.wav,16000,3.0,48000
recording2020_01_28_11_20_36,recording2020_01_28_11_20_36.wav,16000,3.0,48000
recording2020_01_28_11_21_14,recording2020_01_28_11_21_14.wav,16000,3.0,48000
recording2020_01_28_11_21_28,recording2020_01_28_11_21_28.wav,16000,3.0,48000
recording2020_01_28_11_21_47,recording2020_01_28_11_21_47.wav,16000,3.0,48000
recording2020_01_28_11_21_59,recording2020_01_28_11_21_59.wav,16000,3.0,48000
recording2020_01_28_11_22_34,recording2020_01_28_11_22_34.wav,16000,3.0,48000
recording2020_01_28_11_22_50,recording2020_01_28_11_22_50.wav,16000,3.0,48000
recording2020_01_28_11_23_18,recording2020_01_28_11_23_18.wav,16000,3.0,48000
recording2020_01_28_11_23_25,recording2020_01_28_11_23_25.wav,16000,3.0,48000
songfemale,songfemale.wav,16000,3.0,48000
songmale,songmale.wav,16000,3.0,48000
thirdmale (1),thirdmale (1).wav,16000,3.0,48000
thirdmale (10),thirdmale (10).wav,16000,3.0,48000
thirdmale (100),thirdmale (100).wav,16000,3.0,48000
thirdmale (101),thirdmale (101).wav,16000,3.0,48000
thirdmale (102),thirdmale (102).wav,16000,3.0,48000
thirdmale (103),thirdmale (103).wav,16000,3.0,48000
thirdmale (104),thirdmale (104).wav,16000,3.0,48000
thirdmale (105),thirdmale (105).wav,16000,3.0,48000
thirdmale (106),thirdmale (106).wav,16000,3.0,48000
thirdmale (107),thirdmale (107).wav,16000,3.0,48000
thirdmale (108),thirdmale (108).wav,16000,3.0,48000
thirdmale (109),thirdmale (109).wav,16000,3.0,48000
thirdmale (11),thirdmale (11).wav,16000,3.0,48000
thirdmale (110),thirdmale (110).wav,16000,3.0,48000
thirdmale (111),thirdmale (111).wav,16000,3.0,48000
thirdmale (112),thirdmale (112).wav,16000,3.0,48000
thirdmale (113),thirdmale (113).wav,16000,3.0,48000
thirdmale (114),thirdmale (114).wav,16000,3.0,48000
thirdmale (115),thirdmale (115).wav,16000,3.0,48000
thirdmale (116),thirdmale (116).wav,16000,3.0,48000
thirdmale (117),thirdmale (117).wav,16000,3.0,48000
thirdmale (118),thirdmale (118).wav,16000,3.0,48000
thirdmale (119),thirdmale (119).wav,16000,3.0,48000
thirdmale (12),thirdmale (12).wav,16000,3.0,48000
thirdmale (120),thirdmale (120).wav,16000,3.0,48000
thirdmale (121),thirdmale (121).wav,16000,3.0,48000
thirdmale (122),thirdmale (122).wav,16000,3.0,48000
thirdmale (123),thirdmale (123).wav,16000,3.0,48000
thirdmale (124),thirdmale (124).wav,16000,3.0,48000
thirdmale (125),thirdmale (125).wav,16000,3.0,48000
thirdmale (126),thirdmale (126).wav,16000,3.0,48000
thirdmale (127),thirdmale (127).wav,16000,3.0,48000
thirdmale (128),thirdmale (128).wav,16000,3.0,48000
thirdmale (129),thirdmale (129).wav,16000,3.0,48000
thirdmale (13),thirdmale (13).wav,16000,3.0,48000
thirdmale (130),thirdmale (130).wav,16000,3.0,48000
thirdmale (131),thirdmale (131).wav,16000,3.0,48000
thirdmale (132),thirdmale (132).wav,16000,3.0,48000
thirdmale (133),thirdmale (133).wav,16000,3.0,48000
thirdmale (134),thirdmale (134).wav,16000,3.0,48000
thirdmale (135),thirdmale (135).wav,16000,3.0,48000
thirdmale (136),thirdmale (136).wav,16000,3.0,48000
thirdmale (137),thirdmale (137).wav,16000,3.0,48000
thirdmale (138),thirdmale (138).wav,16000,3.0,48000
thirdmale (139),thirdmale (139).wav,16000,3.0,48000
thirdmale (14),thirdmale (14).wav,16000,3.0,48000
thirdmale (140),thirdmale (140).wav,16000,3.0,48000
thirdmale (141),thirdmale (141).wav,16000,3.0,48000
thirdmale (142),thirdmale (142).wav,16000,3.0,48000
thirdmale (143),thirdmale (143).wav,16000,3.0,48000
thirdmale (144),thirdmale (144).wav,16000,3.0,48000
thirdmale (145),thirdmale (145).wav,16000,3.0,48000
thirdmale (146),thirdmale (146).wav,16000,3.0,48000
thirdmale (147),thirdmale (147).wav,16000,3.0,48000
thirdmale (148),thirdmale (148).wav,16000,3.0,48000
thirdmale (149),thirdmale (149).wav,16000,3.0,48000
thirdmale (15),thirdmale (15).wav,16000,3.0,48000
thirdmale (150),thirdmale (150).wav,16000,3.0,48000
thirdmale (151),thirdmale (151).wav,16000,3.0,48000
thirdmale (152),thirdmale (152).wav,16000,3.0,48000
thirdmale (153),thirdmale (153).wav,16000,3.0,48000
thirdmale (154),thirdmale (154).wav,16000,3.0,48000
thirdmale (155),thirdmale (155).wav,16000,3.0,48000
thirdmale (156),thirdmale (156).wav,16000,3.0,48000
thirdmale (157),thirdmale (157).wav,16000,3.0,48000
thirdmale (158),thirdmale (158).wav,16000,3.0,48000
thirdmale (159),thirdmale (159).wav,16000,3.0,48000
thirdmale (16),thirdmale (16).wav,16000,3.0,48000
thirdmale (160),thirdmale (160).wav,16000,3.0,48000
thirdmale (161),thirdmale (161).wav,16000,3.0,48000
thirdmale (162),thirdmale (162).wav,16000,3.0,48000
thirdmale (163),thirdmale (163).wav,16000,3.0,48000
thirdmale (164),thirdmale (164).wav,16000,3.0,48000
thirdmale (165),thirdmale (165).wav,16000,3.0,48000
thirdmale (166),thirdmale (166).wav,16000,3.0,48000
thirdmale (167),thirdmale (167).wav,16000,3.0,48000
thirdmale (168),thirdmale (168).wav,16000,3.0,48000
thirdmale (169),thirdmale (169).wav,16000,3.0,48000
thirdmale (17),thirdmale (17).wav,16000,3.0,48000
thirdmale (170),thirdmale (170).wav,16000,3.0,48000
thirdmale (171),thirdmale (171).wav,16000,3.0,48000
thirdmale (172),thirdmale (172).wav,16000,3.0,48000
thirdmale (173),thirdmale (173).wav,16000,3.0,48000
thirdmale (174),thirdmale (174).wav,16000,3.0,48000
thirdmale (175),thirdmale (175).wav,16000,3.0,48000
thirdmale (176),thirdmale (176).wav,16000,3.0,48000
thirdmale (177),thirdmale (177).wav,16000,3.0,48000
thirdmale (178),thirdmale (178).wav,16000,3.0,48000
thirdmale (179),thirdmale (179).wav,16000,3.0,48000
thirdmale (18),thirdmale (18).wav,16000,3.0,48000
thirdmale (180),thirdmale (180).wav,16000,3.0,48000
thirdmale (181),thirdmale (181).wav,16000,3.0,48000
thirdmale (182),thirdmale (182).wav,16000,3.0,48000
thirdmale (183),thirdmale (183).wav,16000,3.0,48000
thirdmale (184),thirdmale (184).wav,16000,3.0,48000
thirdmale (185),thirdmale (185).wav,16000,3.0,48000
thirdmale (186),thirdmale (186).wav,16000,3.0,48000
thirdmale (187),thirdmale (187).wav,16000,3.0,48000
thirdmale (188),thirdmale (188).wav,16000,3.0,48000
thirdmale (189),thirdmale (189).wav,16000,3.0,48000
thirdmale (19),thirdmale (19).wav,16000,3.0,48000
thirdmale (190),thirdmale (190).wav,16000,3.0,48000
thirdmale (191),thirdmale (191).wav,16000,3.0,48000
thirdmale (192),thirdmale (192).wav,16000,3.0,48000
thirdmale (193),thirdmale (193).wav,16000,3.0,48000
thirdmale (194),thirdmale (194).wav,16000,3.0,48000
thirdmale (195),thirdmale (195).wav,16000,3.0,48000
thirdmale (196),thirdmale (196).wav,16000,3.0,48000
thirdmale (197),thirdmale (197).wav,16000,3.0,48000
thirdmale (198),thirdmale (198).wav,16000,3.0,48000
thirdmale (199),thirdmale (199).wav,16000,3.0,48000
thirdmale (2),thirdmale (2).wav,16000,3.0,48000
thirdmale (20),thirdmale (20).wav,16000,3.0,48000
thirdmale (200),thirdmale (200).wav,16000,3.0,48000
thirdmale (201),thirdmale (201).wav,16000,3.0,48000
thirdmale (202),thirdmale (202).wav,16000,3.0,48000
thirdmale (203),thirdmale (203).wav,16000,3.0,48000
thirdmale (204),thirdmale (204).wav,16000,3.0,48000
thirdmale (205),thirdmale (205).wav,16000,3.0,48000
thirdmale (206),thirdmale (206).wav,16000,3.0,48000
thirdmale (207),thirdmale (207).wav,16000,3.0,48000
thirdmale (208),thirdmale (208).wav,16000,3.0,48000
thirdmale (209),thirdmale (209).wav,16000,3.0,48000
thirdmale (21),thirdmale (21).wav,16000,3.0,48000
thirdmale (210),thirdmale (210).wav,16000,3.0,48000
thirdmale (211),thirdmale (211).wav,16000,3.0,48000
thirdmale (212),thirdmale (212).wav,16000,3.0,48000
thirdmale (213),thirdmale (213).wav,16000,3.0,48000
thirdmale (214),thirdmale (214).wav,16000,3.0,48000
thirdmale (215),thirdmale (215).wav,16000,3.0,48000
thirdmale (216),thirdmale (216).wav,16000,3.0,48000
thirdmale (217),thirdmale (217).wav,16000,3.0,48000
thirdmale (218),thirdmale (218).wav,16000,3.0,48000
thirdmale (219),thirdmale (219).wav,16000,3.0,48000
thirdmale (22),thirdmale (22).wav,16000,3.0,48000
thirdmale (220),thirdmale (220).wav,16000,3.0,48000
thirdmale (221),thirdmale (221).wav,16000,3.0,48000
thirdmale (222),thirdmale (222).wav,16000,3.0,48000
thirdmale (223),thirdmale (223).wav,16000,3.0,48000
thirdmale (224),thirdmale (224).wav,16000,3.0,48000
thirdmale (225),thirdmale (225).wav,16000,3.0,48000
thirdmale (226),thirdmale (226).wav,16000,3.0,48000
thirdmale (227),thirdmale (227).wav,16000,3.0,48000
thirdmale (228),thirdmale (228).wav,16000,3.0,48000
thirdmale (229),thirdmale (229).wav,16000,3.0,48000
thirdmale (23),thirdmale (23).wav,16000,3.0,48000
thirdmale (230),thirdmale (230).wav,16000,3.0,48000
thirdmale (231),thirdmale (231).wav,16000,3.0,48000
thirdmale (232),thirdmale (232).wav,16000,3.0,48000
thirdmale (233),thirdmale (233).wav,16000,3.0,48000
thirdmale (234),thirdmale (234).wav,16000,3.0,48000
thirdmale (235),thirdmale (235).wav,16000,3.0,48000
thirdmale (236),thirdmale (236).wav,16000,3.0,48000
thirdmale (237),thirdmale (237).wav,16000,3.0,48000
thirdmale (238),thirdmale (238).wav,16000,3.0,48000
thirdmale (239),thirdmale (239).wav,16000,3.0,48000
thirdmale (24),thirdmale (24).wav,16000,3.0,48000
thirdmale (240),thirdmale (240).wav,16000,3.0,48000
thirdmale (241),thirdmale (241).wav,16000,3.0,48000
thirdmale (242),thirdmale (242).wav,16000,3.0,48000
thirdmale (243),thirdmale (243).wav,16000,3.0,48000
thirdmale (244),thirdmale (244).wav,16000,3.0,48000
thirdmale (245),thirdmale (245).wav,16000,3.0,48000
thirdmale (246),thirdmale (246).wav,16000,3.0,48000
thirdmale (247),thirdmale (247).wav,16000,3.0,48000
thirdmale (248),thirdmale (248).wav,16000,3.0,48000
thirdmale (249),thirdmale (249).wav,16000,3.0,48000
thirdmale (25),thirdmale (25).wav,16000,3.0,48000
thirdmale (250),thirdmale (250).wav,16000,3.0,48000
thirdmale (251),thirdmale (251).wav,16000,3.0,48000
thirdmale (252),thirdmale (252).wav,16000,3.0,48000
thirdmale (253),thirdmale (253).wav,16000,3.0,48000
thirdmale (254),thirdmale (254).wav,16000,3.0,48000
thirdmale (255),thirdmale (255).wav,16000,3.0,48000
thirdmale (256),thirdmale (256).wav,16000,3.0,48000
thirdmale (257),thirdmale (257).wav,16000,3.0,48000
thirdmale (258),thirdmale (258).wav,16000,3.0,48000
thirdmale (259),thirdmale (259).wav,16000,3.0,48000
thirdmale (26),thirdmale (26).wav,16000,3.0,48000
thirdmale (260),thirdmale (260).wav,16000,3.0,48000
thirdmale (261),thirdmale (261).wav,16000,3.0,48000
thirdmale (262),thirdmale (262).wav,16000,3.0,48000
thirdmale (263),thirdmale (263).wav,16000,3.0,48000
thirdmale (264),thirdmale (264).wav,16000,3.0,48000
thirdmale (265),thirdmale (265).wav,16000,3.0,48000
thirdmale (266),thirdmale (266).wav,16000,3.0,48000
thirdmale (267),thirdmale (267).wav,16000,3.0,48000
thirdmale (268),thirdmale (268).wav,16000,3.0,48000
thirdmale (269),thirdmale (269).wav,16000,3.0,48000
thirdmale (27),thirdmale (27).wav,16000,3.0,48000
thirdmale (270),thirdmale (270).wav,16000,3.0,48000
thirdmale (271),thirdmale (271).wav,16000,3.0,48000
thirdmale (272),thirdmale (272).wav,16000,3.0,48000
thirdmale (273),thirdmale (273).wav,16000,3.0,48000
thirdmale (274),thirdmale (274).wav,16000,3.0,48000
thirdmale (275),thirdmale (275).wav,16000,3.0,48000
thirdmale (276),thirdmale (276).wav,16000,3.0,48000
thirdmale (277),thirdmale (277).wav,16000,3.0,48000
thirdmale (278),thirdmale (278).wav,16000,3.0,48000
thirdmale (279),thirdmale (279).wav,16000,3.0,48000
thirdmale (28),thirdmale (28).wav,16000,3.0,48000
thirdmale (280),thirdmale (280).wav,16000,3.0,48000
thirdmale (281),thirdmale (281).wav,16000,3.0,48000
thirdmale (282),thirdmale (282).wav,16000,3.0,48000
thirdmale (283),thirdmale (283).wav,16000,3.0,48000
thirdmale (284),thirdmale (284).wav,16000,3.0,48000
thirdmale (285),thirdmale (285).wav,16000,3.0,48000
thirdmale (286),thirdmale (286).wav,16000,3.0,48000
thirdmale (287),thirdmale (287).wav,16000,3.0,48000
thirdmale (288),thirdmale (288).wav,16000,3.0,48000
thirdmale (289),thirdmale (289).wav,16000,3.0,48000
thirdmale (29),thirdmale (29).wav,16000,3.0,48000
thirdmale (290),thirdmale (290).wav,16000,3.0,48000
thirdmale (291),thirdmale (291).wav,16000,3.0,48000
thirdmale (292),thirdmale (292).wav,16000,3.0,48000
thirdmale (293),thirdmale (293).wav,16000,3.0,48000
thirdmale (294),thirdmale (294).wav,16000,3.0,48000
thirdmale (295),thirdmale (295).wav,16000,3.0,48000
thirdmale (296),thirdmale (296).wav,16000,3.0,48000
thirdmale (297),thirdmale (297).wav,16000,3.0,48000
thirdmale (298),thirdmale (298).wav,16000,3.0,48000
thirdmale (299),thirdmale (299).wav,16000,3.0,48000
thirdmale (3),thirdmale (3).wav,16000,3.0,48000
thirdmale (30),thirdmale (30).wav,16000,3.0,48000
thirdmale (300),thirdmale (300).wav,16000,3.0,48000
thirdmale (301),thirdmale (301).wav,16000,3.0,48000
thirdmale (302),thirdmale (302).wav,16000,3.0,48000
thirdmale (303),thirdmale (303).wav,16000,3.0,48000
thirdmale (304),thirdmale (304).wav,16000,3.0,48000
thirdmale (305),thirdmale (305).wav,16000,3.0,48000
thirdmale (306),thirdmale (306).wav,16000,3.0,48000
thirdmale (307),thirdmale (307).wav,16000,3.0,48000
thirdmale (308),thirdmale (308).wav,16000,3.0,48000
thirdmale (309),thirdmale (309).wav,16000,3.0,48000
thirdmale (31),thirdmale (31).wav,16000,3.0,48000
thirdmale (310),thirdmale (310).wav,16000,3.0,48000
thirdmale (311),thirdmale (311).wav,16000,3.0,48000
thirdmale (312),thirdmale (312).wav,16000,3.0,48000
thirdmale (313),thirdmale (313).wav,16000,3.0,48000
thirdmale (314),thirdmale (314).wav,16000,3.0,48000
thirdmale (315),thirdmale (315).wav,16000,3.0,48000
thirdmale (316),thirdmale (316).wav,16000,3.0,48000
thirdmale (317),thirdmale (317).wav,16000,3.0,48000
thirdmale (318),thirdmale (318).wav,16000,3.0,48000
thirdmale (319),thirdmale (319).wav,16000,3.0,48000
thirdmale (32),thirdmale (32).wav,16000,3.0,48000
thirdmale (320),thirdmale (320).wav,16000,3.0,48000
thirdmale (321),thirdmale (321).wav,16000,3.0,48000
thirdmale (322),thirdmale (322).wav,16000,3.0,48000
thirdmale (323),thirdmale (323).wav,16000,3.0,48000
thirdmale (324),thirdmale (324).wav,16000,3.0,48000
thirdmale (325),thirdmale (325).wav,16000,3.0,48000
thirdmale (326),thirdmale (326).wav,16000,3.0,48000
thirdmale (327),thirdmale (327).wav,16000,3.0,48000
thirdmale (328),thirdmale (328).wav,16000,3.0,48000
thirdmale (329),thirdmale (329).wav,16000,3.0,48000
thirdmale (33),thirdmale (33).wav,16000,3.0,48000
thirdmale (330),thirdmale (330).wav,16000,3.0,48000
thirdmale (331),thirdmale (331).wav,16000,3.0,48000
thirdmale (332),thirdmale (332).wav,16000,3.0,48000
thirdmale (333),thirdmale (333).wav,16000,3.0,48000
thirdmale (334),thirdmale (334).wav,16000,3.0,48000
thirdmale (335),thirdmale (335).wav,16000,3.0,48000
thirdmale (336),thirdmale (336).wav,16000,3.0,48000
thirdmale (337),thirdmale (337).wav,16000,3.0,48000
thirdmale (338),thirdmale (338).wav,16000,3.0,48000
thirdmale (339),thirdmale (339).wav,16000,3.0,48000
thirdmale (34),thirdmale (34).wav,16000,3.0,48000
thirdmale (340),thirdmale (340).wav,16000,3.0,48000
thirdmale (35),thirdmale (35).wav,16000,3.0,48000
thirdmale (36),thirdmale (36).wav,16000,3.0,48000
thirdmale (37),thirdmale (37).wav,16000,3.0,48000
thirdmale (38),thirdmale (38).wav,16000,3.0,48000
thirdmale (39),thirdmale (39).wav,16000,3.0,48000
thirdmale (4),thirdmale (4).wav,16000,3.0,48000
thirdmale (40),thirdmale (40).wav,16000,3.0,48000
thirdmale (41),thirdmale (41).wav,16000,3.0,48000
thirdmale (42),thirdmale (42).wav,16000,3.0,48000
thirdmale (43),thirdmale (43).wav,16000,3.0,48000
thirdmale (44),thirdmale (44).wav,16000,3.0,48000
thirdmale (45),thirdmale (45).wav,16000,3.0,48000
thirdmale (46),thirdmale (46).wav,16000,3.0,48000
thirdmale (47),thirdmale (47).wav,16000,3.0,48000
thirdmale (48),thirdmale (48).wav,16000,3.0,48000
thirdmale (49),thirdmale (49).wav,16000,3.0,48000
thirdmale (5),thirdmale (5).wav,16000,3.0,48000
thirdmale (50),thirdmale (50).wav,16000,3.0,48000
thirdmale (51),thirdmale (51).wav,16000,3.0,48000
thirdmale (52),thirdmale (52).wav,16000,3.0,48000
thirdmale (53),thirdmale (53).wav,16000,3.0,48000
thirdmale (54),thirdmale (54).wav,16000,3.0,48000
thirdmale (55),thirdmale (55).wav,16000,3.0,48000
thirdmale (56),thirdmale (56).wav,16000,3.0,48000
thirdmale (57),thirdmale (57).wav,16000,3.0,48000
thirdmale (58),thirdmale (58).wav,16000,3.0,48000
thirdmale (59),thirdmale (59).wav,16000,3.0,48000
thirdmale (6),thirdmale (6).wav,16000,3.0,48000
thirdmale (60),thirdmale (60).wav,16000,3.0,48000
thirdmale (61),thirdmale (61).wav,16000,3.0,48000
thirdmale (62),thirdmale (62).wav,16000,3.0,48000
thirdmale (63),thirdmale (63).wav,16000,3.0,48000
thirdmale (64),thirdmale (64).wav,16000,3.0,48000
thirdmale (65),thirdmale (65).wav,16000,3.0,48000
thirdmale (66),thirdmale (66).wav,16000,3.0,48000
thirdmale (67),thirdmale (67).wav,16000,3.0,48000
thirdmale (68),thirdmale (68).wav,16000,3.0,48000
thirdmale (69),thirdmale (69).wav,16000,3.0,48000
thirdmale (7),thirdmale (7).wav,16000,3.0,48000
thirdmale (70),thirdmale (70).wav,16000,3.0,48000
thirdmale (71),thirdmale (71).wav,16000,3.0,48000
thirdmale (72),thirdmale (72).wav,16000,3.0,48000
thirdmale (73),thirdmale (73).wav,16000,3.0,48000
thirdmale (74),thirdmale (74).wav,16000,3.0,48000
thirdmale (75),thirdmale (75).wav,16000,3.0,48000
thirdmale (76),thirdmale (76).wav,16000,3.0,48000
thirdmale (77),thirdmale (77).wav,16000,3.0,48000
thirdmale (78),thirdmale (78).wav,16000,3.0,48000
thirdmale (79),thirdmale (79).wav,16000,3.0,48000
thirdmale (8),thirdmale (8).wav,16000,3.0,48000
thirdmale (80),thirdmale (80).wav,16000,3.0,48000
thirdmale (81),thirdmale (81).wav,16000,3.0,48000
thirdmale (82),thirdmale (82).wav,16000,3.0,48000
thirdmale (83),thirdmale (83).wav,16000,3.0,48000
thirdmale (84),thirdmale (84).wav,16000,3.0,48000
thirdmale (85),thirdmale (85).wav,16000,3.0,48000
thirdmale (86),thirdmale (86).wav,16000,3.0,48000
thirdmale (87),thirdmale (87).wav,16000,3.0,48000
thirdmale (88),thirdmale (88).wav,16000,3.0,48000
thirdmale (89),thirdmale (89).wav,16000,3.0,48000
thirdmale (9),thirdmale (9).wav,16000,3.0,48000
thirdmale (90),thirdmale (90).wav,16000,3.0,48000
thirdmale (91),thirdmale (91).wav,16000,3.0,48000
thirdmale (92),thirdmale (92).wav,16000,3.0,48000
thirdmale (93),thirdmale (93).wav,16000,3.0,48000
thirdmale (94),thirdmale (94).wav,16000,3.0,48000
thirdmale (95),thirdmale (95).wav,16000,3.0,48000
thirdmale (96),thirdmale (96).wav,16000,3.0,48000
thirdmale (97),thirdmale (97).wav,16000,3.0,48000
thirdmale (98),thirdmale (98).wav,16000,3.0,48000
thirdmale (99),thirdmale (99).wav,16000,3.0,48000
threeIndMale (1),threeIndMale (1).wav,16000,3.0,48000
threeIndMale (10),threeIndMale (10).wav,16000,3.0,48000
threeIndMale (11),threeIndMale (11).wav,16000,3.0,48000
threeIndMale (12),threeIndMale (12).wav,16000,3.0,48000
threeIndMale (13),threeIndMale (13).wav,16000,3.0,48000
threeIndMale (14),threeIndMale (14).wav,16000,3.0,48000
threeIndMale (15),threeIndMale (15).wav,16000,3.0,48000
threeIndMale (16),threeIndMale (16).wav,16000,3.0,48000
threeIndMale (17),threeIndMale (17).wav,16000,3.0,48000
threeIndMale (18),threeIndMale (18).wav,16000,3.0,48000
threeIndMale (19),threeIndMale (19).wav,16000,3.0,48000
threeIndMale (2),threeIndMale (2).wav,16000,3.0,48000
threeIndMale (20),threeIndMale (20).wav,16000,3.0,48000
threeIndMale (21),threeIndMale (21).wav,16000,3.0,48000
threeIndMale (22),threeIndMale (22).wav,16000,3.0,48000
threeIndMale (23),threeIndMale (23).wav,16000,3.0,48000
threeIndMale (24),threeIndMale (24).wav,16000,3.0,48000
threeIndMale (25),threeIndMale (25).wav,16000,3.0,48000
threeIndMale (26),threeIndMale (26).wav,16000,3.0,48000
threeIndMale (27),threeIndMale (27).wav,16000,3.0,48000
threeIndMale (28),threeIndMale (28).wav,16000,3.0,48000
threeIndMale (29),threeIndMale (29).wav,16000,3.0,48000
threeIndMale (3),threeIndMale (3).wav,16000,3.0,48000
threeIndMale (30),threeIndMale (30).wav,16000,3.0,48000
threeIndMale (31),threeIndMale (31).wav,16000,3.0,48000
threeIndMale (32),threeIndMale (32).wav,16000,3.0,48000
threeIndMale (33),threeIndMale (33).wav,16000,3.0,48000
threeIndMale (34),threeIndMale (34).wav,16000,3.0,48000
threeIndMale (35),threeIndMale (35).wav,16000,3.0,48000
threeIndMale (36),threeIndMale (36).wav,16000,3.0,48000
threeIndMale (37),threeIndMale (37).wav,16000,3.0,48000
threeIndMale (38),threeIndMale (38).wav,16000,3.0,48000
threeIndMale (4),threeIndMale (4).wav,16000,3.0,48000
threeIndMale (40),threeIndMale (40).wav,16000,3.0,48000
threeIndMale (41),threeIndMale (41).wav,16000,3.0,48000
threeIndMale (42),threeIndMale (42).wav,16000,3.0,48000
threeIndMale (43),threeIndMale (43).wav,16000,3.0,48000
threeIndMale (44),threeIndMale (44).wav,16000,3.0,48000
threeIndMale (45),threeIndMale (45).wav,16000,3.0,48000
threeIndMale (46),threeIndMale (46).wav,16000,3.0,48000
threeIndMale (47),threeIndMale (47).wav,16000,3.0,48000
threeIndMale (48),threeIndMale (48).wav,16000,3.0,48000
threeIndMale (5),threeIndMale (5).wav,16000,3.0,48000
threeIndMale (50),threeIndMale (50).wav,16000,3.0,48000
threeIndMale (51),threeIndMale (51).wav,16000,3.0,48000
threeIndMale (52),threeIndMale (52).wav,16000,3.0,48000
threeIndMale (6),threeIndMale (6).wav,16000,3.0,48000
threeIndMale (7),threeIndMale (7).wav,16000,3.0,48000
threeIndMale (8),threeIndMale (8).wav,16000,3.0,48000
threeIndMale (9),threeIndMale (9).wav,16000,3.0,48000
threemale (10),threemale (10).wav,16000,3.0,48000
threemale (101),threemale (101).wav,16000,3.0,48000
threemale (104),threemale (104).wav,16000,3.0,48000
threemale (107),threemale (107).wav,16000,3.0,48000
threemale (108),threemale (108).wav,16000,3.0,48000
threemale (112),threemale (112).wav,16000,3.0,48000
threemale (113),threemale (113).wav,16000,3.0,48000
threemale (114),threemale (114).wav,16000,3.0,48000
threemale (12),threemale (12).wav,16000,3.0,48000
threemale (120),threemale (120).wav,16000,3.0,48000
threemale (121),threemale (121).wav,16000,3.0,48000
threemale (125),threemale (125).wav,16000,3.0,48000
threemale (127),threemale (127).wav,16000,3.0,48000
threemale (128),threemale (128).wav,16000,3.0,48000
threemale (129),threemale (129).wav,16000,3.0,48000
threemale (13),threemale (13).wav,16000,3.0,48000
threemale (133),threemale (133).wav,16000,3.0,48000
threemale (139),threemale (139).wav,16000,3.0,48000
threemale (14),threemale (14).wav,16000,3.0,48000
threemale (141),threemale (141).wav,16000,3.0,48000
threemale (142),threemale (142).wav,16000,3.0,48000
threemale (147),threemale (147).wav,16000,3.0,48000
threemale (15),threemale (15).wav,16000,3.0,48000
threemale (156),threemale (156).wav,16000,3.0,48000
threemale (165),threemale (165).wav,16000,3.0,48000
threemale (17),threemale (17).wav,16000,3.0,48000
threemale (173),threemale (173).wav,16000,3.0,48000
threemale (174),threemale (174).wav,16000,3.0,48000
threemale (175),threemale (175).wav,16000,3.0,48000
threemale (179),threemale (179).wav,16000,3.0,48000
threemale (18),threemale (18).wav,16000,3.0,48000
threemale (184),threemale (184).wav,16000,3.0,48000
threemale (187),threemale (187).wav,16000,3.0,48000
threemale (188),threemale (188).wav,16000,3.0,48000
threemale (190),threemale (190).wav,16000,3.0,48000
threemale (192),threemale (192).wav,16000,3.0,48000
threemale (195),threemale (195).wav,16000,3.0,48000
threemale (202),threemale (202).wav,16000,3.0,48000
threemale (203),threemale (203).wav,16000,3.0,48000
threemale (207),threemale (207).wav,16000,3.0,48000
threemale (208),threemale (208).wav,16000,3.0,48000
threemale (212),threemale (212).wav,16000,3.0,48000
threemale (214),threemale (214).wav,16000,3.0,48000
threemale (218),threemale (218).wav,16000,3.0,48000
threemale (220),threemale (220).wav,16000,3.0,48000
threemale (221),threemale (221).wav,16000,3.0,48000
threemale (222),threemale (222).wav,16000,3.0,48000
threemale (223),threemale (223).wav,16000,3.0,48000
threemale (225),threemale (225).wav,16000,3.0,48000
threemale (232),threemale (232).wav,16000,3.0,48000
threemale (233),threemale (233).wav,16000,3.0,48000
threemale (236),threemale (236).wav,16000,3.0,48000
threemale (239),threemale (239).wav,16000,3.0,48000
threemale (240),threemale (240).wav,16000,3.0,48000
threemale (243),threemale (243).wav,16000,3.0,48000
threemale (248),threemale (248).wav,16000,3.0,48000
threemale (25),threemale (25).wav,16000,3.0,48000
threemale (252),threemale (252).wav,16000,3.0,48000
threemale (254),threemale (254).wav,16000,3.0,48000
threemale (255),threemale (255).wav,16000,3.0,48000
threemale (258),threemale (258).wav,16000,3.0,48000
threemale (26),threemale (26).wav,16000,3.0,48000
threemale (260),threemale (260).wav,16000,3.0,48000
threemale (261),threemale (261).wav,16000,3.0,48000
threemale (262),threemale (262).wav,16000,3.0,48000
threemale (265),threemale (265).wav,16000,3.0,48000
threemale (266),threemale (266).wav,16000,3.0,48000
threemale (269),threemale (269).wav,16000,3.0,48000
threemale (27),threemale (27).wav,16000,3.0,48000
threemale (281),threemale (281).wav,16000,3.0,48000
threemale (284),threemale (284).wav,16000,3.0,48000
threemale (285),threemale (285).wav,16000,3.0,48000
threemale (288),threemale (288).wav,16000,3.0,48000
threemale (289),threemale (289).wav,16000,3.0,48000
threemale (296),threemale (296).wav,16000,3.0,48000
threemale (299),threemale (299).wav,16000,3.0,48000
threemale (306),threemale (306).wav,16000,3.0,48000
threemale (309),threemale (309).wav,16000,3.0,48000
threemale (318),threemale (318).wav,16000,3.0,48000
threemale (320),threemale (320).wav,16000,3.0,48000
threemale (33),threemale (33).wav,16000,3.0,48000
threemale (37),threemale (37).wav,16000,3.0,48000
threemale (38),threemale (38).wav,16000,3.0,48000
threemale (47),threemale (47).wav,16000,3.0,48000
threemale (49),threemale (49).wav,16000,3.0,48000
threemale (52),threemale (52).wav,16000,3.0,48000
threemale (61),threemale (61).wav,16000,3.0,48000
threemale (69),threemale (69).wav,16000,3.0,48000
threemale (7),threemale (7).wav,16000,3.0,48000
threemale (73),threemale (73).wav,16000,3.0,48000
threemale (76),threemale (76).wav,16000,3.0,48000
threemale (78),threemale (78).wav,16000,3.0,48000
threemale (80),threemale (80).wav,16000,3.0,48000
threemale (81),threemale (81).wav,16000,3.0,48000
threemale (84),threemale (84).wav,16000,3.0,48000
threemale (86),threemale (86).wav,16000,3.0,48000
threemale (87),threemale (87).wav,16000,3.0,48000
threemale (88),threemale (88).wav,16000,3.0,48000
threemale (91),threemale (91).wav,16000,3.0,48000
threemale (92),threemale (92).wav,16000,3.0,48000
threemale (93),threemale (93).wav,16000,3.0,48000
threemale (94),threemale (94).wav,16000,3.0,48000
threemale (98),threemale (98).wav,16000,3.0,48000
threemale (99),threemale (99).wav,16000,3.0,48000
